,bench,cafe,childcare,fast_food,kindergarten,parking,restaurant,place_of_worship,school,university,garden,park,playground,pitch,surburb,postcode
0,11.0,41.0,4.0,17.0,3.0,30.0,40.0,6.0,1.0,,8.0,16.0,10.0,5.0,south melbourne,3205
1,45.0,32.0,1.0,20.0,1.0,118.0,16.0,3.0,3.0,,35.0,36.0,16.0,40.0,port melbourne,3207
2,139.0,144.0,6.0,59.0,7.0,289.0,172.0,24.0,12.0,2.0,171.0,118.0,53.0,137.0,albert park,3206
3,7.0,5.0,,2.0,2.0,,4.0,1.0,1.0,,,5.0,2.0,4.0,middle park,3206
4,102.0,19.0,,1.0,1.0,55.0,8.0,10.0,1.0,,30.0,23.0,4.0,8.0,east melbourne,3002
5,13.0,20.0,,8.0,,44.0,48.0,7.0,4.0,,23.0,26.0,9.0,41.0,st kilda,3182
6,40.0,26.0,,14.0,,28.0,46.0,8.0,6.0,,7.0,17.0,12.0,58.0,south yarra,3141
7,24.0,25.0,1.0,7.0,1.0,48.0,36.0,3.0,2.0,2.0,33.0,20.0,1.0,10.0,southbank,3006
8,,2.0,,,,1.0,1.0,1.0,,,,6.0,2.0,1.0,st kilda west,3182
9,2.0,12.0,,5.0,2.0,9.0,21.0,4.0,3.0,,3.0,11.0,6.0,11.0,elwood,3184
10,12.0,20.0,2.0,16.0,1.0,119.0,27.0,6.0,4.0,,3.0,19.0,4.0,8.0,north melbourne,3051
11,86.0,50.0,,10.0,1.0,128.0,86.0,6.0,2.0,8.0,46.0,28.0,6.0,11.0,melbourne,3004
12,8.0,4.0,,1.0,1.0,17.0,3.0,1.0,2.0,,,6.0,3.0,15.0,carlton,3053
13,19.0,60.0,1.0,14.0,3.0,73.0,90.0,4.0,4.0,1.0,2.0,15.0,9.0,1.0,black rock,3193
14,31.0,20.0,,8.0,1.0,56.0,13.0,4.0,3.0,,3.0,15.0,4.0,6.0,melbourne,3000
15,2.0,,,,,,,,,,,,,,fitzroy,3065
16,2.0,,,,,11.0,2.0,3.0,6.0,,6.0,7.0,1.0,293.0,abbotsford,3067
17,,6.0,,5.0,1.0,16.0,11.0,2.0,1.0,,1.0,18.0,6.0,8.0,elsternwick,3185
18,,,,,,4.0,,1.0,8.0,,,5.0,1.0,10.0,toorak,3142
19,85.0,47.0,2.0,19.0,2.0,101.0,52.0,7.0,10.0,,28.0,27.0,21.0,52.0,prahran,3181
20,3.0,10.0,,2.0,,19.0,7.0,2.0,6.0,,,7.0,3.0,46.0,st kilda east,3183
21,,,,,,,,,,,,,,,richmond,3121
22,108.0,30.0,,15.0,,76.0,5.0,4.0,2.0,12.0,59.0,49.0,8.0,80.0,malvern,3144
23,245.0,44.0,,24.0,1.0,84.0,62.0,,,,101.0,19.0,6.0,12.0,balaclava,3183
24,1.0,3.0,,1.0,,6.0,3.0,5.0,5.0,,1.0,3.0,4.0,96.0,parkville,3052
25,,,,,,,,,,,,1.0,,,docklands,3008
26,3.0,1.0,,,,2.0,,,,,,,,,caulfield north,3161
27,21.0,8.0,1.0,2.0,2.0,44.0,8.0,6.0,6.0,,4.0,36.0,17.0,64.0,yarraville,3013
28,41.0,12.0,1.0,12.0,2.0,42.0,25.0,8.0,6.0,,19.0,30.0,14.0,29.0,caulfield,3162
29,22.0,25.0,,7.0,1.0,15.0,36.0,2.0,5.0,,19.0,18.0,13.0,11.0,glen iris,3146
30,4.0,3.0,2.0,10.0,1.0,28.0,,4.0,4.0,,2.0,9.0,7.0,64.0,malvern east,3145
31,81.0,64.0,1.0,43.0,12.0,203.0,61.0,14.0,21.0,,17.0,85.0,44.0,201.0,brunswick east,3057
32,5.0,4.0,,1.0,3.0,29.0,,1.0,8.0,,,9.0,7.0,61.0,hampton,3188
33,13.0,29.0,1.0,19.0,7.0,73.0,29.0,6.0,6.0,,13.0,32.0,19.0,57.0,sandringham,3191
34,26.0,11.0,,13.0,8.0,82.0,12.0,5.0,8.0,,,16.0,12.0,52.0,brighton east,3187
35,4.0,2.0,,1.0,,2.0,7.0,2.0,,,,1.0,1.0,,cheltenham,3192
36,42.0,14.0,,9.0,2.0,20.0,20.0,5.0,10.0,,2.0,41.0,8.0,19.0,bentleigh east,3165
37,14.0,20.0,1.0,16.0,,79.0,30.0,5.0,8.0,,1.0,19.0,8.0,218.0,ripponlea,3185
38,39.0,31.0,2.0,20.0,,125.0,32.0,10.0,12.0,4.0,5.0,26.0,11.0,122.0,fitzroy north,3068
39,4.0,,,,,,,,,,,,,,brighton,3186
40,44.0,14.0,,,,134.0,9.0,2.0,2.0,,6.0,24.0,4.0,6.0,hawthorn,3122
41,,,,,,1.0,,,,,,,,,armadale,3143
42,150.0,40.0,2.0,27.0,14.0,422.0,49.0,18.0,34.0,,10.0,94.0,59.0,144.0,west melbourne,3003
43,22.0,16.0,1.0,15.0,12.0,135.0,22.0,7.0,22.0,,1.0,34.0,28.0,80.0,windsor,3181
44,13.0,35.0,1.0,16.0,2.0,61.0,37.0,1.0,4.0,,9.0,15.0,9.0,11.0,essendon,3040
45,33.0,13.0,,8.0,1.0,118.0,19.0,4.0,5.0,,,16.0,9.0,32.0,bentleigh,3204
46,101.0,12.0,2.0,12.0,3.0,81.0,11.0,7.0,7.0,,,27.0,13.0,77.0,collingwood,3066
47,1.0,,,,,,,,,,,,,,moonee ponds,3039
48,22.0,56.0,,20.0,6.0,77.0,38.0,8.0,5.0,2.0,2.0,28.0,15.0,25.0,balwyn north,3104
49,10.0,4.0,,1.0,1.0,8.0,8.0,,4.0,,,4.0,1.0,19.0,murrumbeena,3163
50,25.0,10.0,1.0,2.0,1.0,68.0,12.0,2.0,4.0,,2.0,26.0,10.0,11.0,brunswick,3056
51,23.0,24.0,7.0,25.0,9.0,196.0,64.0,22.0,24.0,,2.0,129.0,52.0,161.0,caulfield south,3162
52,19.0,16.0,,8.0,2.0,137.0,9.0,6.0,7.0,,2.0,33.0,11.0,28.0,balwyn,3103
53,67.0,24.0,6.0,32.0,7.0,212.0,21.0,15.0,20.0,1.0,3.0,117.0,54.0,110.0,mount waverley,3149
54,28.0,4.0,,3.0,2.0,20.0,9.0,3.0,1.0,,,7.0,4.0,21.0,thornbury,3071
55,,1.0,,3.0,1.0,22.0,1.0,1.0,2.0,,,10.0,10.0,26.0,ivanhoe,3079
56,1.0,5.0,,1.0,,23.0,,1.0,3.0,,,7.0,4.0,24.0,carlton north,3054
57,40.0,17.0,1.0,3.0,2.0,80.0,23.0,9.0,6.0,,1.0,28.0,13.0,54.0,highett,3190
58,90.0,85.0,3.0,42.0,12.0,602.0,73.0,19.0,20.0,,17.0,93.0,40.0,85.0,parkdale,3195
59,37.0,10.0,,3.0,1.0,110.0,14.0,3.0,12.0,1.0,7.0,37.0,19.0,69.0,camberwell,3124
60,52.0,5.0,,2.0,4.0,78.0,9.0,6.0,4.0,,2.0,14.0,14.0,51.0,northcote,3070
61,,,,,,,,,,,,1.0,,,kew,3101
62,2.0,4.0,2.0,3.0,2.0,16.0,1.0,5.0,4.0,,1.0,13.0,10.0,9.0,ascot vale,3032
63,11.0,6.0,,1.0,2.0,67.0,14.0,,5.0,,3.0,9.0,5.0,13.0,carnegie,3163
64,19.0,3.0,1.0,14.0,3.0,106.0,3.0,5.0,14.0,,13.0,86.0,23.0,52.0,surrey hills,3127
65,5.0,,,,,9.0,,1.0,1.0,,,5.0,1.0,3.0,hawthorn east,3123
66,19.0,2.0,,,,3.0,2.0,,,,,1.0,,,hoppers crossing,3029
67,119.0,93.0,5.0,49.0,8.0,301.0,109.0,23.0,15.0,1.0,45.0,108.0,32.0,80.0,bonbeach,3196
68,,,1.0,2.0,2.0,45.0,,1.0,6.0,1.0,,10.0,5.0,9.0,south wharf,3006
69,2.0,4.0,,1.0,,10.0,6.0,,1.0,,,4.0,2.0,3.0,oakleigh,3166
70,,,,1.0,,1.0,,,,,,,,,sunshine north,3020
71,10.0,9.0,,9.0,6.0,47.0,1.0,5.0,3.0,,,18.0,11.0,19.0,glen huntly,3163
72,19.0,4.0,1.0,10.0,1.0,92.0,3.0,3.0,4.0,,1.0,14.0,10.0,32.0,ringwood,3134
73,,,,,,1.0,,,,,,,,,ashburton,3147
74,,,,,,,,,,,,,,,altona north,3025
75,35.0,5.0,,1.0,1.0,32.0,4.0,6.0,3.0,,,12.0,6.0,22.0,clifton hill,3068
76,,,,,,1.0,,,,,,1.0,,,mckinnon,3204
77,3.0,7.0,,2.0,,40.0,2.0,2.0,8.0,,43.0,17.0,7.0,28.0,kew east,3102
78,20.0,1.0,,7.0,1.0,75.0,14.0,3.0,4.0,,7.0,42.0,21.0,28.0,hughesdale,3166
79,,,,,,,,,,,,,,,canterbury,3126
80,,2.0,,3.0,,25.0,,5.0,2.0,,,16.0,7.0,9.0,doncaster,3108
81,14.0,19.0,1.0,15.0,2.0,65.0,34.0,7.0,7.0,,,58.0,35.0,28.0,seddon,3011
82,,4.0,,1.0,1.0,25.0,5.0,1.0,4.0,,,15.0,2.0,30.0,box hill north,3129
83,13.0,3.0,,1.0,,50.0,1.0,,3.0,,,10.0,4.0,18.0,doncaster east,3109
84,2.0,5.0,3.0,4.0,1.0,62.0,3.0,4.0,4.0,,,19.0,2.0,20.0,beaumaris,3193
85,4.0,6.0,1.0,5.0,,57.0,7.0,3.0,5.0,,3.0,27.0,10.0,16.0,alphington,3078
86,,1.0,,,,1.0,,,,,,2.0,1.0,16.0,heidelberg,3084
87,15.0,5.0,4.0,15.0,12.0,381.0,9.0,6.0,7.0,,11.0,80.0,27.0,77.0,burwood east,3151
88,44.0,26.0,3.0,19.0,14.0,163.0,32.0,24.0,20.0,2.0,4.0,96.0,52.0,122.0,kooyong,3144
89,,,,1.0,1.0,7.0,2.0,1.0,3.0,,,10.0,5.0,4.0,rowville,3178
90,,,,,,2.0,,,,,,,,,burwood,3125
91,,,,,,,,,,,,,,,ashwood,3147
92,3.0,1.0,,1.0,1.0,16.0,,3.0,2.0,1.0,,10.0,7.0,12.0,mentone,3194
93,7.0,2.0,,,,13.0,,,3.0,,10.0,7.0,3.0,5.0,ormond,3204
94,1.0,1.0,,,1.0,8.0,,,1.0,,19.0,6.0,6.0,3.0,box hill south,3128
95,8.0,,,,,11.0,,1.0,2.0,,4.0,16.0,6.0,15.0,deepdene,3103
96,,1.0,,,,,1.0,,,,,,,,mont albert,3127
97,63.0,46.0,6.0,58.0,13.0,331.0,55.0,30.0,24.0,,3.0,88.0,51.0,102.0,mont albert north,3129
98,68.0,1.0,4.0,2.0,,73.0,,,8.0,,60.0,42.0,28.0,55.0,box hill,3128
99,1.0,2.0,,,3.0,15.0,,2.0,3.0,,,15.0,5.0,6.0,preston,3072
100,,,,,,,,,,,,,,,clyde north,3978
101,77.0,6.0,1.0,18.0,2.0,245.0,29.0,8.0,17.0,,7.0,131.0,56.0,97.0,blackburn north,3130
102,5.0,1.0,,,,14.0,10.0,5.0,3.0,,2.0,9.0,4.0,8.0,prahran east,3181
103,12.0,2.0,,4.0,2.0,8.0,4.0,1.0,1.0,,,3.0,2.0,6.0,bulleen,3105
104,49.0,38.0,,45.0,12.0,197.0,30.0,13.0,17.0,,2.0,79.0,36.0,101.0,chadstone,3148
105,5.0,1.0,,5.0,2.0,13.0,1.0,,3.0,,,15.0,11.0,20.0,edithvale,3196
106,8.0,3.0,1.0,2.0,1.0,39.0,6.0,4.0,5.0,,,34.0,15.0,25.0,mordialloc,3195
107,,,,1.0,,3.0,,,1.0,,,4.0,4.0,2.0,blackburn south,3130
108,40.0,25.0,1.0,12.0,1.0,223.0,25.0,6.0,17.0,,5.0,74.0,31.0,423.0,mitcham,3132
109,,2.0,,5.0,,52.0,2.0,4.0,5.0,,,28.0,16.0,55.0,hampton east,3188
110,15.0,8.0,,5.0,1.0,14.0,15.0,,2.0,1.0,,4.0,3.0,12.0,mornington,3931
111,17.0,7.0,1.0,6.0,1.0,74.0,10.0,4.0,7.0,,1.0,23.0,6.0,260.0,frankston south,3199
112,5.0,5.0,,,,37.0,1.0,2.0,3.0,,1.0,8.0,7.0,130.0,caulfield east,3145
113,6.0,,,,,4.0,1.0,,1.0,,,6.0,1.0,4.0,mount eliza,3930
114,,3.0,1.0,1.0,,24.0,1.0,1.0,5.0,,,3.0,2.0,10.0,mount martha,3934
115,18.0,20.0,,11.0,2.0,88.0,16.0,2.0,1.0,,,10.0,4.0,16.0,ivanhoe east,3079
116,54.0,9.0,1.0,15.0,3.0,89.0,8.0,3.0,8.0,,2.0,28.0,14.0,44.0,moorabbin,3189
117,,1.0,,1.0,,94.0,,,,,1.0,5.0,3.0,7.0,fairfield,3078
118,4.0,5.0,,2.0,,26.0,5.0,,,,3.0,3.0,3.0,1.0,seaford,3198
119,28.0,21.0,1.0,33.0,,188.0,23.0,3.0,16.0,1.0,8.0,59.0,30.0,109.0,safety beach,3936
120,4.0,2.0,1.0,8.0,1.0,16.0,1.0,2.0,2.0,,1.0,11.0,8.0,10.0,cremorne,3121
121,17.0,,,1.0,3.0,29.0,1.0,2.0,7.0,,,38.0,11.0,245.0,frankston,3199
122,20.0,2.0,,4.0,1.0,55.0,4.0,2.0,6.0,,,26.0,12.0,13.0,heidelberg west,3081
123,29.0,3.0,,,,69.0,8.0,2.0,3.0,,,48.0,14.0,11.0,donvale,3111
124,269.0,14.0,2.0,5.0,1.0,101.0,15.0,3.0,3.0,,6.0,29.0,12.0,18.0,templestowe lower,3107
125,1.0,,,,2.0,5.0,,2.0,4.0,,,17.0,7.0,5.0,templestowe,3106
126,17.0,5.0,,20.0,4.0,108.0,6.0,9.0,8.0,,3.0,36.0,24.0,98.0,kensington,3031
127,,,,,,,,,,,,,,,vermont,3133
128,,,,,,7.0,,1.0,,,1.0,2.0,,,keysborough,3173
129,2.0,3.0,,6.0,1.0,71.0,1.0,2.0,4.0,1.0,,25.0,6.0,52.0,eltham,3095
130,73.0,26.0,2.0,21.0,10.0,155.0,41.0,17.0,34.0,,2.0,139.0,63.0,339.0,shoreham,3916
131,4.0,4.0,,13.0,,30.0,3.0,2.0,6.0,,,45.0,25.0,56.0,rosebud,3939
132,6.0,2.0,,1.0,1.0,10.0,,1.0,3.0,,,8.0,2.0,9.0,warrandyte,3113
133,,,,,,1.0,,,,,,,,,langwarrin,3910
134,2.0,1.0,,10.0,,9.0,1.0,,1.0,,,20.0,3.0,6.0,park orchards,3114
135,,2.0,1.0,4.0,1.0,53.0,6.0,4.0,3.0,,,22.0,14.0,27.0,blackburn,3130
136,2.0,,,,,1.0,,,,,,,,,patterson lakes,3197
137,8.0,6.0,2.0,20.0,4.0,173.0,26.0,4.0,6.0,1.0,1.0,67.0,26.0,60.0,dingley village,3172
138,,,,,,,,,,,,,,,footscray,3011
139,1.0,,,6.0,1.0,33.0,2.0,3.0,3.0,,1.0,44.0,11.0,36.0,wantirna south,3152
140,11.0,7.0,,8.0,,40.0,27.0,3.0,7.0,,6.0,19.0,11.0,32.0,west footscray,3012
141,,,,,,,,,,,,,,,altona meadows,3028
142,1.0,,,,,,,,,,,,,,williamstown,3016
143,4.0,12.0,2.0,8.0,2.0,18.0,12.0,5.0,7.0,,,18.0,9.0,9.0,nunawading,3131
144,,,,,,1.0,,,,,,,,,burnley,3121
145,31.0,7.0,,7.0,,22.0,10.0,5.0,2.0,,,8.0,3.0,13.0,brunswick west,3055
146,,,,,,,,,,,,1.0,1.0,,carrum,3197
147,5.0,13.0,3.0,5.0,1.0,51.0,8.0,4.0,5.0,,,21.0,13.0,18.0,chelsea,3196
148,18.0,3.0,1.0,9.0,,69.0,12.0,,3.0,,3.0,34.0,4.0,23.0,gardenvale,3185
149,3.0,1.0,,,1.0,15.0,,1.0,,,,12.0,4.0,7.0,pascoe vale,3044
150,4.0,3.0,,4.0,4.0,36.0,4.0,1.0,2.0,,,11.0,8.0,9.0,maribyrnong,3032
151,43.0,28.0,4.0,23.0,8.0,302.0,41.0,9.0,21.0,3.0,15.0,150.0,72.0,104.0,maidstone,3012
152,7.0,1.0,,,,5.0,,,2.0,,6.0,8.0,2.0,,pascoe vale south,3044
153,2.0,,,4.0,,22.0,1.0,1.0,1.0,,,13.0,3.0,8.0,bundoora,3083
154,42.0,36.0,2.0,14.0,2.0,125.0,47.0,9.0,2.0,1.0,36.0,49.0,7.0,26.0,essendon north,3041
155,4.0,6.0,,2.0,5.0,59.0,4.0,6.0,10.0,,,56.0,21.0,60.0,heatherton,3202
156,,,,1.0,3.0,4.0,,1.0,1.0,,1.0,14.0,4.0,2.0,clayton,3168
157,46.0,1.0,,10.0,2.0,141.0,3.0,5.0,13.0,1.0,9.0,232.0,58.0,38.0,wheelers hill,3150
158,,,,2.0,1.0,5.0,1.0,3.0,3.0,,,14.0,6.0,4.0,oakleigh east,3166
159,55.0,17.0,4.0,25.0,5.0,172.0,27.0,14.0,17.0,,2.0,122.0,57.0,88.0,mill park,3082
160,,2.0,,2.0,,2.0,,,,,,4.0,1.0,1.0,clarinda,3169
161,,2.0,,2.0,1.0,16.0,3.0,1.0,,,,3.0,3.0,1.0,bayswater,3153
162,195.0,11.0,2.0,16.0,12.0,180.0,9.0,12.0,31.0,,3.0,164.0,75.0,229.0,kingsville,3012
163,6.0,4.0,3.0,12.0,3.0,129.0,5.0,,13.0,,20.0,124.0,37.0,80.0,heidelberg heights,3081
164,17.0,1.0,,2.0,,26.0,,,3.0,,,9.0,8.0,14.0,niddrie,3042
165,,,,,,,,,,,,,,,craigieburn,3064
166,42.0,18.0,3.0,26.0,6.0,333.0,8.0,12.0,29.0,,24.0,260.0,71.0,92.0,frankston north,3200
167,14.0,35.0,,8.0,12.0,45.0,22.0,14.0,15.0,,10.0,52.0,24.0,25.0,newport,3015
168,55.0,29.0,,13.0,1.0,46.0,34.0,4.0,3.0,2.0,,23.0,4.0,13.0,thomastown,3074
169,6.0,2.0,,2.0,,12.0,,,5.0,,,6.0,7.0,22.0,coburg,3058
170,33.0,7.0,1.0,13.0,3.0,66.0,9.0,3.0,4.0,,40.0,12.0,8.0,10.0,ballarat central,3350
171,,,,,,2.0,,,,,,,,,hamlyn heights,3215
172,1.0,2.0,,4.0,4.0,34.0,1.0,1.0,4.0,,,20.0,9.0,32.0,flemington,3031
173,,1.0,,,,5.0,,,3.0,,,,,4.0,epping,3076
174,,1.0,,1.0,,6.0,,3.0,2.0,,1.0,4.0,1.0,8.0,oakleigh south,3167
175,19.0,13.0,1.0,27.0,12.0,177.0,23.0,13.0,24.0,1.0,3.0,133.0,57.0,135.0,irymple,3498
176,22.0,21.0,3.0,22.0,4.0,158.0,37.0,12.0,9.0,,2.0,23.0,15.0,54.0,golden square,3555
177,14.0,5.0,1.0,5.0,10.0,116.0,7.0,,12.0,,2.0,155.0,35.0,108.0,mulgrave,3170
178,75.0,11.0,3.0,28.0,7.0,256.0,4.0,7.0,30.0,,28.0,280.0,45.0,122.0,dandenong,3175
179,52.0,4.0,1.0,11.0,2.0,200.0,8.0,7.0,14.0,2.0,60.0,112.0,36.0,70.0,point cook,3030
180,,,,4.0,1.0,78.0,,,7.0,,,81.0,4.0,32.0,tarneit,3029
181,59.0,2.0,2.0,7.0,,63.0,1.0,2.0,5.0,,365.0,212.0,28.0,47.0,werribee,3030
182,1.0,,,,,28.0,,,5.0,,1.0,16.0,8.0,28.0,truganina,3029
183,,1.0,,1.0,,14.0,,1.0,2.0,,,16.0,8.0,30.0,doreen,3754
184,4.0,3.0,,5.0,1.0,74.0,2.0,3.0,6.0,,1.0,11.0,7.0,28.0,melton south,3338
185,,,,,,,,,,,,,,1.0,oak park,3046
186,,,,2.0,2.0,34.0,3.0,,2.0,,,21.0,1.0,12.0,braybrook,3019
187,,,,,,,,,,,,,,,plumpton,3335
188,42.0,,2.0,2.0,,73.0,,,3.0,,,80.0,9.0,8.0,manor lakes,3024
189,,,1.0,2.0,3.0,21.0,,2.0,4.0,,,25.0,7.0,31.0, ,0
190,17.0,2.0,,9.0,,59.0,7.0,,10.0,,,44.0,11.0,45.0,wollert,3750
191,1.0,4.0,,4.0,2.0,49.0,1.0,,2.0,,,11.0,4.0,16.0,keilor downs,3038
192,2.0,,1.0,3.0,1.0,31.0,4.0,2.0,4.0,,,50.0,11.0,25.0,caroline springs,3023
193,30.0,1.0,,5.0,4.0,27.0,1.0,,3.0,,,17.0,9.0,37.0,derrimut,3026
194,,,,,1.0,4.0,,1.0,1.0,,,8.0,2.0,7.0,wyndham vale,3024
195,,,,,,,,,,,,,,,airport west,3042
196,83.0,6.0,4.0,21.0,2.0,186.0,11.0,,3.0,,134.0,25.0,22.0,29.0,rockbank,3335
197,49.0,4.0,4.0,12.0,13.0,110.0,10.0,3.0,12.0,,12.0,86.0,39.0,71.0,glenroy,3046
198,10.0,2.0,,,1.0,4.0,,,1.0,,,3.0,4.0,2.0,cranbourne west,3977
199,,1.0,,,,3.0,,,1.0,,,5.0,,1.0,pakenham,3810
200,,1.0,,5.0,2.0,53.0,1.0,4.0,10.0,,,68.0,26.0,54.0,travancore,3032
201,,1.0,,,,21.0,2.0,,1.0,,7.0,10.0,3.0,6.0,tootgarook,3941
202,11.0,2.0,1.0,1.0,3.0,28.0,5.0,,4.0,,3.0,17.0,8.0,43.0,endeavour hills,3802
203,6.0,9.0,,4.0,1.0,65.0,2.0,2.0,1.0,,,26.0,15.0,18.0,werribee south,3030
204,,,,,,,,,,,,,,,keilor,3036
205,,,,1.0,,8.0,1.0,1.0,,,4.0,3.0,,5.0,tullamarine,3043
206,36.0,,,2.0,1.0,21.0,,1.0,5.0,,,40.0,12.0,5.0,berwick,3806
207,3.0,1.0,,1.0,,35.0,,,,,22.0,,,17.0,bulla,3428
208,,,,,,,,,,,,,,,avondale heights,3034
209,,,,,,1.0,,,,,,,,,ravenhall,3023
210,,,,1.0,,,1.0,,,,,,,,roxburgh park,3064
211,14.0,1.0,,6.0,1.0,29.0,5.0,,1.0,,,17.0,9.0,11.0,broadmeadows,3047
212,2.0,2.0,1.0,1.0,2.0,68.0,5.0,,4.0,,,14.0,6.0,6.0,st albans,3021
213,87.0,4.0,,2.0,2.0,40.0,1.0,7.0,8.0,,,59.0,29.0,38.0,westmeadows,3049
214,8.0,2.0,,7.0,3.0,32.0,7.0,8.0,6.0,,1.0,19.0,12.0,38.0,laverton,3028
215,1.0,2.0,1.0,2.0,1.0,14.0,2.0,,5.0,,,6.0,4.0,34.0,keilor east,3033
216,,,,,,,2.0,,,,,2.0,,,fawkner,3060
217,,,,1.0,,28.0,,1.0,9.0,,,30.0,7.0,9.0,aberfeldie,3040
218,,,,,,,,,,,,,,,melbourne st kilda road,3004
219,3.0,,,,,4.0,,,,,1.0,5.0,3.0,3.0,sunshine west,3020
220,1.0,2.0,,5.0,2.0,37.0,10.0,3.0,4.0,,8.0,13.0,5.0,9.0,carlton south,3053
221,10.0,2.0,1.0,1.0,1.0,12.0,,2.0,4.0,,,23.0,8.0,20.0,williamstown north,3016
222,3.0,4.0,,3.0,1.0,8.0,5.0,5.0,3.0,,,5.0,6.0,10.0,watsonia,3087
223,,,,3.0,2.0,19.0,,1.0,4.0,,,13.0,7.0,23.0,strathmore,3041
224,,,,,,,,,,,,,,,euroa,3666
225,9.0,16.0,,3.0,1.0,48.0,7.0,1.0,3.0,,1.0,36.0,19.0,23.0,gladstone park,3043
226,1.0,5.0,,4.0,1.0,42.0,4.0,1.0,,1.0,1.0,8.0,2.0,1.0,huntingdale,3166
227,,,,,,,,,,,,,,,coburg north,3058
228,,,,,,,,,,,,,,,notting hill,3168
229,,1.0,,1.0,,29.0,1.0,,1.0,,,6.0,3.0,7.0,williams landing,3027
230,17.0,7.0,6.0,26.0,1.0,232.0,8.0,11.0,29.0,,17.0,176.0,75.0,156.0,altona,3018
231,62.0,4.0,,3.0,2.0,31.0,3.0,3.0,5.0,,1.0,154.0,16.0,44.0,brooklyn,3012
232,1.0,3.0,,4.0,2.0,58.0,3.0,3.0,2.0,,1.0,16.0,9.0,38.0,melton,3337
233,2.0,6.0,,9.0,1.0,29.0,7.0,8.0,4.0,,,22.0,9.0,30.0,mernda,3754
234,,,,,,,,,,,,,,,knoxfield,3180
235,22.0,4.0,2.0,12.0,5.0,128.0,11.0,7.0,8.0,1.0,,56.0,20.0,61.0,clayton south,3169
236,22.0,16.0,3.0,26.0,9.0,154.0,17.0,17.0,14.0,,5.0,69.0,40.0,85.0,narre warren,3805
237,5.0,6.0,3.0,12.0,2.0,71.0,9.0,2.0,4.0,,26.0,36.0,12.0,30.0,croydon,3136
238,,,,,,,,,,,,,,,reservoir,3073
239,,1.0,3.0,1.0,,15.0,,,4.0,,,17.0,6.0,12.0,diamond creek,3089
240,11.0,10.0,2.0,20.0,6.0,160.0,14.0,8.0,21.0,,3.0,106.0,57.0,112.0,glen waverley,3150
241,13.0,5.0,1.0,7.0,3.0,59.0,9.0,5.0,5.0,,,46.0,19.0,22.0,mickleham,3064
242,,,,1.0,1.0,8.0,,,1.0,,,15.0,3.0,4.0,forest hill,3131
243,,1.0,,,,,,,,,,,,,boronia,3155
244,49.0,17.0,4.0,46.0,18.0,393.0,43.0,12.0,22.0,2.0,10.0,169.0,83.0,154.0,seabrook,3028
245,,3.0,,1.0,1.0,25.0,,1.0,1.0,,,5.0,4.0,12.0,springvale,3171
246,,,,,,,,,,,,,,,ferntree gully,3156
247,,,,,,1.0,,,,,,,,,hadfield,3046
248,9.0,1.0,,,,6.0,,,,,,16.0,2.0,2.0,noble park,3174
249,,,,,,,,,,,,,,,spotswood,3015
250,2.0,3.0,,2.0,1.0,48.0,4.0,4.0,3.0,,1.0,12.0,4.0,26.0,eaglemont,3084
251,1.0,13.0,,3.0,,18.0,4.0,1.0,1.0,,,4.0,1.0,18.0,hillside,3037
252,19.0,3.0,,9.0,3.0,72.0,4.0,4.0,10.0,,3.0,39.0,19.0,38.0,dromana,3936
253,3.0,,,,,8.0,,,,,,16.0,1.0,2.0,rye,3941
254,3.0,,,2.0,1.0,7.0,1.0,1.0,2.0,,,14.0,6.0,11.0,lalor,3075
255,,10.0,,10.0,,16.0,5.0,4.0,1.0,,,8.0,6.0,2.0,blairgowrie,3942
256,10.0,4.0,,4.0,1.0,87.0,3.0,6.0,12.0,,,15.0,14.0,36.0,viewbank,3084
257,,5.0,,5.0,1.0,28.0,1.0,,5.0,,,9.0,3.0,9.0,campbellfield,3061
258,,,,,,,,,,,,,,,sale,3850
259,4.0,1.0,2.0,,1.0,27.0,1.0,,3.0,1.0,2.0,22.0,7.0,8.0,moe,3825
260,17.0,6.0,,12.0,3.0,41.0,14.0,2.0,4.0,,,19.0,11.0,18.0,south morang,3752
261,,4.0,,2.0,,37.0,1.0,,,,,6.0,,2.0,macleod,3085
262,,,,,,,,,1.0,,,,,,deer park,3023
263,,,,,,,,,,,,,,,laverton north,3026
264,,,,,,,,,,,,3.0,,,clayton north,3169
265,1.0,7.0,,3.0,,25.0,6.0,,,,,1.0,,1.0,sunshine,3020
266,,1.0,,1.0,,10.0,,,1.0,,,3.0,2.0,5.0,merricks beach,3926
267,1.0,,,,,8.0,,1.0,3.0,,1.0,3.0,1.0,1.0,mount buller,3723
268,,,,2.0,,14.0,1.0,,3.0,,,5.0,3.0,5.0,jacana,3047
269,,,,,,13.0,,2.0,4.0,,1.0,21.0,10.0,19.0,princes hill,3054
270,3.0,2.0,,2.0,,34.0,4.0,4.0,3.0,,,6.0,3.0,44.0,kingsbury,3083
271,9.0,8.0,,17.0,2.0,51.0,8.0,5.0,7.0,,,21.0,21.0,36.0,darley,3340
272,1.0,1.0,,7.0,,59.0,1.0,4.0,3.0,,,15.0,12.0,31.0,anglesea,3230
273,,,2.0,1.0,,9.0,1.0,,1.0,,1.0,11.0,8.0,15.0,belmont,3216
274,1.0,,,,,8.0,,,2.0,,,14.0,1.0,10.0,norlane,3214
275,5.0,,,,,21.0,1.0,,3.0,,9.0,17.0,9.0,22.0,diggers rest,3427
276,,,,,2.0,3.0,,,,,2.0,31.0,1.0,2.0,burnside heights,3023
277,1.0,5.0,,8.0,,10.0,5.0,1.0,4.0,,,10.0,8.0,10.0,maddingley,3340
278,1.0,1.0,,,1.0,30.0,2.0,2.0,4.0,,,28.0,2.0,37.0,sanctuary lakes,3030
279,24.0,,,2.0,,19.0,,1.0,4.0,,2.0,13.0,7.0,15.0,rosanna,3084
280,43.0,7.0,2.0,22.0,13.0,124.0,15.0,6.0,18.0,,11.0,110.0,56.0,123.0,kilsyth,3137
281,,,,,,,,,,,,,,,clyde,3978
282,3.0,,,,,6.0,,,,,,,,,narre warren south,3805
283,1.0,,1.0,4.0,,18.0,2.0,2.0,7.0,,,18.0,18.0,9.0,tottenham,3012
284,2.0,1.0,1.0,2.0,1.0,37.0,3.0,2.0,3.0,,1.0,15.0,11.0,16.0,bellfield,3081
285,,,,2.0,2.0,17.0,2.0,3.0,5.0,,,12.0,5.0,14.0,dandenong north,3175
286,,,,,,1.0,,,,,,,,,ringwood east,3135
287,,,,1.0,1.0,1.0,4.0,,,,,1.0,1.0,4.0,doveton,3177
288,,,,,,,,,,,,,,,mambourin,3024
289,,1.0,,5.0,,15.0,2.0,,4.0,,,15.0,2.0,15.0,south kingsville,3015
290,,,,,,,,,,,,,,,officer,3809
291,,,,,,,,,,,,,,,kilmore,3764
292,1.0,1.0,,4.0,1.0,45.0,1.0,1.0,5.0,,,26.0,18.0,53.0,albion,3020
293,1.0,,,,,15.0,,,2.0,,,2.0,,1.0,greensborough,3088
294,,1.0,1.0,2.0,,7.0,,1.0,1.0,,,4.0,,2.0,vermont south,3133
295,5.0,3.0,1.0,9.0,1.0,36.0,2.0,2.0,3.0,,,33.0,15.0,18.0,christmas hills,3775
296,84.0,,1.0,,2.0,118.0,,1.0,10.0,,24.0,35.0,16.0,104.0,kalkallo,3064
297,306.0,16.0,9.0,64.0,9.0,626.0,39.0,3.0,29.0,,259.0,172.0,94.0,249.0,scoresby,3179
298,23.0,,,1.0,1.0,2.0,,,,,,7.0,4.0,4.0,cranbourne east,3977
299,24.0,17.0,,12.0,1.0,180.0,39.0,7.0,8.0,3.0,2.0,11.0,3.0,43.0,cranbourne,3977
300,6.0,1.0,1.0,9.0,5.0,107.0,9.0,4.0,5.0,1.0,6.0,70.0,30.0,46.0,gowanbrae,3043
301,,,,,,1.0,,,,,,6.0,,1.0,bendigo,3550
302,,,,,1.0,8.0,1.0,,2.0,,3.0,18.0,16.0,30.0,wantirna,3152
303,11.0,,5.0,,,17.0,,1.0,1.0,,6.0,23.0,8.0,27.0,thornhill park,3335
304,,,,2.0,,5.0,,,,,,8.0,3.0,3.0,aintree,3336
305,9.0,,2.0,6.0,6.0,52.0,,3.0,10.0,,1.0,48.0,17.0,48.0,harkness,3337
306,9.0,5.0,1.0,11.0,4.0,53.0,8.0,4.0,6.0,,,33.0,19.0,23.0,weir views,3338
307,3.0,7.0,,12.0,,36.0,6.0,6.0,2.0,,1.0,18.0,6.0,22.0,mooroolbark,3138
308,,,,,,7.0,,,3.0,,,10.0,5.0,6.0,hampton park,3976
309,,,,,,8.0,,,1.0,,,15.0,6.0,2.0,bacchus marsh,3340
310,9.0,,,,,6.0,,,1.0,,1.0,15.0,3.0,11.0,kurunjang,3337
311,,,,,,8.0,,,4.0,,1.0,11.0,12.0,67.0,brookfield,3338
312,,1.0,,,,9.0,,1.0,1.0,,,10.0,3.0,2.0,fraser rise,3336
313,10.0,,1.0,2.0,3.0,47.0,1.0,2.0,6.0,,4.0,58.0,24.0,69.0,kings park,3021
314,17.0,8.0,,8.0,4.0,133.0,8.0,5.0,9.0,1.0,53.0,38.0,13.0,64.0,donnybrook,3064
315,,2.0,,3.0,1.0,16.0,5.0,,2.0,,,20.0,6.0,21.0,greenvale,3059
316,9.0,,4.0,4.0,4.0,54.0,7.0,8.0,4.0,,4.0,19.0,13.0,41.0,lilydale,3140
317,62.0,1.0,,1.0,1.0,56.0,1.0,,1.0,1.0,,3.0,5.0,34.0,taylors hill,3037
318,18.0,7.0,,6.0,3.0,37.0,2.0,5.0,11.0,,2.0,13.0,13.0,96.0,sydenham,3037
319,,,,2.0,,9.0,,,1.0,,,11.0,3.0,,waurn ponds,3216
320,2.0,,,1.0,2.0,21.0,,2.0,2.0,,,62.0,9.0,4.0,newtown,3220
321,,,,,,9.0,,2.0,2.0,,,6.0,3.0,2.0,burnside,3023
322,2.0,,,,2.0,20.0,2.0,,1.0,,,14.0,7.0,108.0,meadow heights,3048
323,6.0,,,1.0,,18.0,,,1.0,,1.0,23.0,5.0,14.0,ardeer,3022
324,6.0,,,1.0,,5.0,1.0,1.0,2.0,,,7.0,4.0,,lower plenty,3093
325,,,1.0,1.0,,12.0,4.0,1.0,1.0,,,4.0,5.0,8.0,yallambie,3085
326,,,,1.0,3.0,18.0,,1.0,4.0,,,10.0,5.0,9.0,briar hill,3088
327,6.0,1.0,1.0,1.0,1.0,14.0,,,5.0,,34.0,55.0,17.0,36.0,riddells creek,3431
328,,,,,,5.0,,,2.0,,,11.0,12.0,23.0,gisborne,3437
329,,3.0,,11.0,1.0,28.0,8.0,2.0,3.0,,,15.0,7.0,19.0,eltham north,3095
330,93.0,2.0,,12.0,,133.0,8.0,7.0,15.0,,1.0,67.0,26.0,76.0,mount duneed,3217
331,,,,,,,,,,,,,,,wallan,3756
332,,,,,,,,,,,,,,,sunbury,3429
333,,,,,,,,,,,,,,,echuca village,3564
334,,,,,,5.0,,,,,,12.0,1.0,,somerton,3062
335,,,,5.0,,10.0,,1.0,3.0,,,23.0,10.0,6.0,seaholme,3018
336,14.0,,1.0,1.0,2.0,67.0,,1.0,5.0,,4.0,35.0,9.0,20.0,cobblebank,3338
337,4.0,2.0,,3.0,,24.0,2.0,,4.0,,,20.0,10.0,33.0,croydon north,3136
338,6.0,2.0,,1.0,2.0,18.0,,1.0,2.0,,1.0,3.0,2.0,13.0,cranbourne north,3977
339,,,,4.0,,8.0,2.0,2.0,,,,10.0,2.0,,heathmont,3135
340,,,,8.0,,32.0,,1.0,5.0,,1.0,12.0,6.0,10.0,cockatoo,3781
341,,,,,,5.0,,,1.0,,,12.0,3.0,2.0,kilsyth south,3137
342,,1.0,,11.0,,18.0,1.0,,4.0,,1.0,8.0,4.0,22.0,melton west,3337
343,,,,,,8.0,1.0,,,,,4.0,1.0,,strathtulloh,3338
344,,1.0,,,,1.0,,,1.0,,,3.0,1.0,4.0,armstrong creek,3217
345,31.0,2.0,1.0,6.0,,32.0,2.0,,1.0,,29.0,8.0,7.0,8.0,mccrae,3938
346,1.0,1.0,1.0,6.0,1.0,27.0,1.0,4.0,1.0,,,23.0,6.0,6.0,charlemont,3217
347,7.0,5.0,1.0,5.0,2.0,43.0,3.0,2.0,4.0,,1.0,26.0,13.0,21.0,lyndhurst,3975
348,19.0,4.0,,17.0,3.0,48.0,5.0,7.0,5.0,,1.0,51.0,30.0,34.0,bayswater north,3153
349,13.0,2.0,,,,8.0,1.0,1.0,,,,2.0,2.0,,montmorency,3094
350,12.0,3.0,,5.0,1.0,19.0,6.0,,5.0,,,12.0,8.0,38.0,carrum downs,3201
351,,,,,,,,,,,,,,,rippleside,3215
352,4.0,1.0,,5.0,,23.0,,1.0,3.0,,,14.0,13.0,15.0,grovedale,3216
353,21.0,19.0,1.0,32.0,5.0,302.0,6.0,7.0,27.0,,5.0,116.0,58.0,219.0,armstrong,3377
354,1.0,,,4.0,,11.0,1.0,,1.0,,,20.0,17.0,16.0,newcomb,3219
355,8.0,,,,,1.0,,,,,,16.0,2.0,1.0,hastings,3915
356,,,,,,,,,,,,,,,leopold,3224
357,4.0,3.0,1.0,7.0,,23.0,2.0,4.0,5.0,1.0,,29.0,17.0,31.0,sandhurst,3977
358,,1.0,,,,3.0,5.0,,2.0,,,2.0,1.0,1.0,hallam,3803
359,,1.0,,,,7.0,1.0,,,,,,,,highton,3216
360,113.0,41.0,,32.0,1.0,148.0,69.0,11.0,5.0,3.0,5.0,15.0,10.0,9.0,dinner plain,3898
361,,,2.0,,,7.0,1.0,,3.0,,2.0,9.0,3.0,9.0,baw baw village,3833
362,,1.0,,4.0,4.0,13.0,1.0,,1.0,,,22.0,6.0,3.0,geelong,3220
363,,,,,,2.0,,,,,,,1.0,,beveridge,3753
364,,,,2.0,,12.0,2.0,,,,,7.0,6.0,6.0,aspendale gardens,3195
365,,1.0,,,,19.0,1.0,2.0,7.0,,,12.0,8.0,16.0,glenburn,3717
366,1.0,,,,,1.0,,,,,,1.0,,1.0,eumemmerring,3177
367,1.0,2.0,,1.0,,8.0,2.0,1.0,1.0,,1.0,8.0,2.0,11.0,dallas,3047
368,3.0,,,,1.0,2.0,,,,,,,1.0,,mount cottrell,3024
369,12.0,3.0,1.0,4.0,3.0,26.0,7.0,2.0,4.0,,1.0,26.0,16.0,23.0,hurstbridge,3099
370,1.0,4.0,,4.0,2.0,44.0,7.0,12.0,5.0,,,15.0,6.0,11.0,north warrandyte,3113
371,1.0,2.0,,5.0,,18.0,1.0,3.0,5.0,,2.0,8.0,2.0,21.0,ringwood north,3134
372,,,,,,7.0,,2.0,4.0,,,18.0,7.0,13.0,springvale south,3172
373,4.0,,,3.0,,13.0,2.0,,3.0,,,11.0,5.0,4.0,cobram,3644
374,2.0,1.0,,,,24.0,,,2.0,,,8.0,1.0,18.0,croydon hills,3136
375,1.0,,,2.0,,12.0,,1.0,2.0,,,16.0,7.0,3.0,croydon south,3136
376,12.0,,,6.0,1.0,31.0,1.0,3.0,2.0,,,26.0,6.0,19.0,capel sound,3940
377,1.0,4.0,,16.0,3.0,150.0,4.0,6.0,13.0,5.0,5.0,47.0,17.0,111.0,skye,3977
378,10.0,,,2.0,,19.0,3.0,1.0,1.0,,1.0,12.0,8.0,24.0,chirnside park,3116
379,,1.0,,,,8.0,,1.0,,,3.0,1.0,1.0,4.0,shepparton,3630
380,12.0,1.0,,9.0,,30.0,4.0,5.0,4.0,1.0,,17.0,3.0,14.0,lysterfield,3156
381,6.0,,,2.0,1.0,22.0,2.0,1.0,2.0,,5.0,12.0,6.0,9.0,kalorama,3766
382,2.0,,,1.0,,16.0,4.0,,1.0,,1.0,8.0,,8.0,seymour,3660
383,9.0,9.0,,3.0,1.0,5.0,3.0,,3.0,,,5.0,,6.0,lynbrook,3975
384,3.0,,,2.0,,15.0,6.0,,1.0,,1.0,6.0,3.0,6.0,coldstream,3770
385,7.0,3.0,,2.0,1.0,13.0,3.0,3.0,2.0,,,5.0,4.0,8.0,yea,3717
386,1.0,2.0,,,,25.0,1.0,,1.0,,,3.0,1.0,5.0,yarra glen,3775
387,1.0,1.0,,,,1.0,1.0,,1.0,,,1.0,,,wandin north,3139
388,,1.0,,,,1.0,,,2.0,,,4.0,1.0,16.0,marysville,3779
389,2.0,1.0,,,,10.0,,1.0,2.0,,5.0,,1.0,10.0,ferny creek,3786
390,,1.0,,,,2.0,,,,,,8.0,3.0,,research,3095
391,,,,3.0,,32.0,1.0,2.0,3.0,,,13.0,2.0,3.0,menzies creek,3159
392,8.0,18.0,,14.0,,70.0,3.0,,,,3.0,8.0,1.0,,waterways,3195
393,,,,5.0,,7.0,1.0,,4.0,,,8.0,5.0,18.0,whittlesea,3757
394,11.0,,,,,12.0,1.0,3.0,1.0,,,21.0,7.0,13.0,dandenong south,3175
395,,1.0,,2.0,,10.0,,2.0,3.0,1.0,,11.0,,17.0,noble park north,3174
396,5.0,2.0,,2.0,2.0,21.0,1.0,2.0,3.0,,1.0,9.0,5.0,29.0,wonga park,3115
397,,,,,,14.0,,,2.0,,4.0,2.0,,3.0,kennington,3550
398,11.0,1.0,,2.0,1.0,9.0,1.0,,2.0,,,3.0,3.0,4.0,montrose,3765
399,,,,,,,,,,,,3.0,2.0,,north bendigo,3550
400,,,,,,,,,,,,,,,lucas,3350
401,,1.0,,5.0,1.0,16.0,,5.0,7.0,,,18.0,15.0,19.0,winter valley,3358
402,,,,,,,,,,,,,,,baxter,3911
403,,1.0,,7.0,1.0,13.0,2.0,,1.0,,,13.0,1.0,9.0,sebastopol,3356
404,97.0,38.0,2.0,12.0,14.0,300.0,34.0,24.0,33.0,,22.0,80.0,43.0,232.0,crib point,3919
405,1.0,,1.0,4.0,2.0,6.0,,1.0,14.0,,2.0,20.0,5.0,10.0,chelsea heights,3196
406,16.0,3.0,,5.0,1.0,50.0,4.0,3.0,4.0,,15.0,21.0,18.0,37.0,monbulk,3793
407,,1.0,,,,7.0,,,1.0,,,5.0,1.0,4.0,warranwood,3134
408,,,1.0,,,5.0,,,1.0,,,8.0,4.0,2.0,drouin,3818
409,,,,,,5.0,,1.0,1.0,,,7.0,2.0,3.0,corinella,3984
410,9.0,10.0,,3.0,1.0,43.0,9.0,2.0,3.0,,2.0,6.0,4.0,8.0,watsonia north,3087
411,16.0,5.0,,4.0,2.0,42.0,2.0,3.0,3.0,,3.0,5.0,5.0,26.0,albanvale,3021
412,,,,,,2.0,,,,,,8.0,6.0,1.0,belgrave,3160
413,1.0,5.0,,3.0,2.0,24.0,3.0,1.0,4.0,,,12.0,5.0,19.0,emerald,3782
414,8.0,,,,,26.0,,,1.0,,,14.0,1.0,1.0,st albans park,3219
415,,,,,,4.0,,,1.0,,,4.0,,1.0,aspendale,3195
416,6.0,17.0,1.0,23.0,2.0,138.0,19.0,9.0,12.0,1.0,7.0,54.0,7.0,84.0,botanic ridge,3977
417,,3.0,,2.0,2.0,35.0,,2.0,4.0,,4.0,17.0,11.0,18.0,cranbourne south,3977
418,12.0,4.0,,,,27.0,6.0,,1.0,,2.0,9.0,2.0,8.0,mildura,3500
419,,14.0,,15.0,,155.0,23.0,6.0,12.0,2.0,1.0,66.0,42.0,42.0,somerville,3912
420,,2.0,,1.0,1.0,24.0,7.0,1.0,2.0,,,13.0,7.0,8.0,olinda,3788
421,59.0,20.0,4.0,51.0,8.0,390.0,9.0,16.0,29.0,,17.0,133.0,95.0,245.0,warrnambool,3280
422,1.0,,1.0,2.0,,13.0,,,3.0,,,12.0,4.0,13.0,cairnlea,3023
423,,,,,,3.0,4.0,,,,,,,,lara,3212
424,,1.0,,,3.0,6.0,,,1.0,,,9.0,3.0,3.0,delahey,3037
425,,,,,,,,,,,,,,,bonnie brook,3335
426,,,1.0,,,,,,,,,,,,kealba,3021
427,,,,,,3.0,,,2.0,,,2.0,1.0,7.0,altona east,3025
428,,,,,,,,2.0,1.0,,,1.0,,,bonshaw,3352
429,1.0,,,,,1.0,,,1.0,,,6.0,3.0,8.0,quarry hill,3550
430,12.0,5.0,,12.0,3.0,54.0,11.0,1.0,5.0,,2.0,33.0,15.0,43.0,deanside,3336
431,8.0,,,1.0,,10.0,,,1.0,,,13.0,3.0,16.0,huntly,3551
432,,1.0,,1.0,1.0,20.0,,2.0,,,,10.0,2.0,30.0,taylors lakes,3038
433,,,,,,2.0,,,,,,6.0,2.0,,essendon west,3040
434,1.0,,,,,10.0,,2.0,3.0,,39.0,2.0,2.0,3.0,keilor park,3042
435,5.0,,,,,3.0,,,,,,11.0,4.0,,jackass flat,3556
436,,,,,,,,,,,3.0,,,,new gisborne,3438
437,5.0,,,,,2.0,,,,,,5.0,1.0,9.0,attwood,3049
438,1.0,,1.0,,1.0,9.0,1.0,,1.0,,,3.0,5.0,19.0,coolaroo,3048
439,,,,,,1.0,,,1.0,,,1.0,,1.0,strathmore heights,3041
440,3.0,2.0,,13.0,2.0,89.0,,3.0,6.0,,,41.0,27.0,99.0,eynesbury,3338
441,5.0,,,,,7.0,,,,,,1.0,,,toolern vale,3337
442,,3.0,,5.0,1.0,12.0,2.0,3.0,2.0,,,5.0,,8.0,corio,3214
443,,,,,2.0,22.0,,,3.0,,,20.0,9.0,9.0,princetown,3269
444,,,,,,,,,,,,,,2.0,ballan,3342
445,2.0,,,,,2.0,,,1.0,,2.0,15.0,4.0,,delacombe,3356
446,2.0,,,,,2.0,,,1.0,,,16.0,6.0,8.0,sebastian,3556
447,2.0,1.0,4.0,11.0,,54.0,2.0,2.0,6.0,,1.0,23.0,21.0,69.0,miners rest,3352
448,,,,,,,,,,,,,1.0,,canadian,3350
449,4.0,3.0,,3.0,,9.0,4.0,1.0,1.0,,,9.0,8.0,14.0,wendouree,3355
450,16.0,1.0,,2.0,1.0,26.0,,,,,,3.0,2.0,7.0,ascot,3551
451,4.0,3.0,,2.0,,9.0,,2.0,1.0,,,6.0,7.0,8.0,portarlington,3223
452,,1.0,,,,3.0,,2.0,2.0,,,2.0,,4.0,little river,3211
453,2.0,2.0,,,,13.0,,1.0,2.0,,3.0,2.0,1.0,2.0,st leonards,3223
454,,,,,,,,,1.0,,,,,,inglewood,3517
455,,,,,,,,,,,,5.0,,,mount macedon,3441
456,,,2.0,,,5.0,,1.0,1.0,,,5.0,2.0,14.0,bolinda,3432
457,,1.0,,,,9.0,,2.0,5.0,,1.0,4.0,4.0,17.0,hopetoun park,3340
458,,1.0,,,,5.0,,,2.0,,,1.0,3.0,4.0,curlewis,3222
459,,2.0,,2.0,,11.0,,,,,,2.0,1.0,,drysdale,3222
460,7.0,1.0,,,2.0,17.0,,,1.0,,,10.0,3.0,6.0,moorooduc,3933
461,129.0,22.0,7.0,39.0,5.0,285.0,27.0,15.0,28.0,,396.0,456.0,76.0,178.0,avalon,3212
462,,,,,,,,,,,,,,3.0,jan juc,3228
463,2.0,,,1.0,1.0,26.0,,1.0,3.0,,11.0,9.0,13.0,16.0,yan yean,3755
464,1.0,2.0,,8.0,1.0,6.0,2.0,1.0,4.0,,,9.0,5.0,6.0,gheringhap,3331
465,8.0,2.0,,2.0,2.0,17.0,2.0,6.0,2.0,,,13.0,7.0,44.0,bell post hill,3215
466,,,,,,12.0,1.0,2.0,2.0,,1.0,9.0,,34.0,bell park,3215
467,,,,,,1.0,,,1.0,,,,,,tatura,3616
468,,1.0,,3.0,1.0,16.0,,,2.0,,1.0,11.0,2.0,6.0,kyabram,3620
469,,1.0,,2.0,2.0,22.0,1.0,2.0,4.0,,,15.0,3.0,25.0,orrvale,3631
470,,,,,,1.0,,,,,1.0,,,,kialla,3631
471,,,1.0,,,6.0,2.0,3.0,2.0,,,8.0,2.0,9.0,mooroopna,3629
472,,,,,,,,,,,,,,,oaklands junction,3063
473,,,,,,,,,,,,,,,broadford,3658
474,,,,,,,,,1.0,,,,,2.0,glenaroua,3764
475,,1.0,,,1.0,5.0,,,1.0,,,2.0,1.0,5.0,reedy creek,3658
476,,,,,,,,,,,,,,,cardinia,3978
477,,,,2.0,,17.0,1.0,2.0,3.0,,,37.0,13.0,23.0,garfield,3814
478,19.0,16.0,,16.0,2.0,63.0,22.0,5.0,2.0,,1.0,6.0,5.0,10.0,pakenham south,3810
479,,,,,,30.0,,1.0,1.0,1.0,,3.0,,26.0,alfredton,3350
480,,,,,,8.0,,1.0,2.0,,,7.0,2.0,4.0,geelong west,3218
481,,,,,,2.0,,1.0,2.0,,,,,7.0,flora hill,3550
482,,,,,,3.0,,,,,,1.0,2.0,3.0,romsey,3434
483,21.0,25.0,1.0,3.0,4.0,211.0,16.0,21.0,45.0,1.0,48.0,76.0,37.0,135.0,lancefield,3435
484,,1.0,,,,15.0,,1.0,4.0,,,4.0,2.0,17.0,hidden valley,3756
485,7.0,3.0,,,,23.0,3.0,1.0,4.0,1.0,1.0,13.0,6.0,16.0,macedon,3440
486,1.0,1.0,,1.0,,8.0,1.0,1.0,2.0,,3.0,18.0,7.0,6.0,woodend,3442
487,,2.0,,,,10.0,,,2.0,,,5.0,,4.0,kyneton,3444
488,1.0,1.0,,2.0,,12.0,2.0,2.0,,,1.0,4.0,1.0,6.0,st helena,3088
489,,2.0,,,,7.0,,1.0,2.0,,,3.0,1.0,20.0,yarrambat,3091
490,7.0,1.0,,,1.0,13.0,2.0,,1.0,,,4.0,1.0,5.0,plenty,3090
491,,,,,,1.0,,,1.0,,,,,,nagambie,3608
492,,,,,,,,,1.0,,,,,,woori yallock,3139
493,,1.0,,,,2.0,,,1.0,,,2.0,,1.0,preston west,3072
494,4.0,4.0,1.0,2.0,,27.0,4.0,1.0,1.0,,1.0,4.0,2.0,14.0,preston south,3072
495,2.0,,,,1.0,21.0,,,3.0,,,7.0,3.0,8.0,flowerdale,3717
496,4.0,3.0,,,1.0,3.0,4.0,1.0,2.0,,1.0,2.0,3.0,11.0,upper ferntree gully,3156
497,5.0,1.0,,3.0,2.0,11.0,2.0,3.0,1.0,,,2.0,1.0,,koo wee rup,3981
498,14.0,2.0,1.0,,1.0,9.0,,2.0,3.0,,,2.0,5.0,21.0,sassafras,3787
499,,2.0,,2.0,1.0,15.0,2.0,1.0,3.0,,1.0,8.0,4.0,10.0,tecoma,3160
500,,1.0,,,1.0,17.0,1.0,,1.0,,,1.0,2.0,2.0,upwey,3158
501,10.0,5.0,,8.0,2.0,54.0,3.0,4.0,6.0,,1.0,10.0,6.0,18.0,the basin,3154
502,3.0,9.0,,6.0,,38.0,9.0,3.0,3.0,,,7.0,3.0,10.0,mount dandenong,3767
503,,,,,,1.0,,,1.0,,,1.0,1.0,3.0,mount evelyn,3796
504,,3.0,,,,6.0,1.0,,1.0,,,2.0,,1.0,healesville,3777
505,,1.0,,1.0,1.0,8.0,,2.0,1.0,,,1.0,1.0,11.0,the patch,3792
506,1.0,,,,1.0,8.0,,1.0,1.0,,,4.0,1.0,1.0,kallista,3791
507,7.0,,,,1.0,10.0,,6.0,1.0,,5.0,3.0,4.0,7.0,belgrave south,3160
508,100.0,20.0,2.0,33.0,18.0,280.0,33.0,15.0,37.0,1.0,18.0,163.0,60.0,187.0,selby,3159
509,,,,,1.0,,,,,,,,1.0,,belgrave heights,3160
510,,,,,,,,,,,,,,,gembrook,3783
511,,,,,,,,,,,,,,,avonsleigh,3782
512,6.0,3.0,,5.0,,15.0,1.0,,1.0,,,4.0,1.0,6.0,beenak,3139
513,6.0,,,,,6.0,,,1.0,,17.0,2.0,2.0,1.0,beaconsfield,3807
514,,1.0,,,1.0,12.0,,,2.0,,,2.0,,14.0,tooradin,3980
515,,,,,1.0,6.0,,,1.0,,,,1.0,7.0,officer south,3809
516,24.0,3.0,1.0,13.0,1.0,81.0,24.0,3.0,13.0,,1.0,75.0,19.0,19.0,bunyip,3815
517,4.0,1.0,,1.0,,3.0,,,1.0,,,3.0,,2.0,lang lang,3984
518,,,,,,,,,,,,4.0,3.0,3.0,traralgon,3844
519,,,,,,1.0,,,1.0,,,,,1.0,toongabbie,3856
520,,,,,,,,,,,,,,,junction village,3977
521,,,,,,2.0,,,,,,1.0,,2.0,devon meadows,3977
522,55.0,16.0,1.0,47.0,8.0,226.0,20.0,19.0,22.0,,7.0,127.0,65.0,150.0,dalmore,3981
523,,14.0,3.0,17.0,1.0,68.0,14.0,7.0,10.0,,3.0,20.0,16.0,40.0,warneet,3980
524,3.0,1.0,,,1.0,13.0,1.0,1.0,5.0,1.0,,22.0,8.0,13.0,narre warren north,3804
525,3.0,3.0,,1.0,,11.0,2.0,1.0,3.0,,,2.0,2.0,6.0,warragul,3820
526,,,,,,,,,,,,4.0,3.0,4.0,churchill,3842
527,,,,,,3.0,,,1.0,,,,,,yarra junction,3797
528,,,,,,4.0,1.0,,,,,,,,longwarry,3816
529,4.0,4.0,,3.0,,36.0,10.0,1.0,2.0,,,5.0,1.0,42.0,labertouche,3816
530,,,,,,2.0,,,,,,3.0,,,main ridge,3928
531,,,,,,5.0,,,1.0,,,8.0,,17.0,sorrento,3943
532,,1.0,,,,1.0,2.0,,,,,1.0,,,balnarring beach,3926
533,,,,,,5.0,4.0,2.0,1.0,,,5.0,1.0,8.0,somers,3927
534,1.0,,,,,1.0,4.0,,,,,,,,merricks,3916
535,,,,,,1.0,,,1.0,,,,,10.0,balnarring,3926
536,,3.0,,,,10.0,,,3.0,,,5.0,2.0,21.0,red hill south,3937
537,,,,,,,1.0,,,,,,,,red hill,3937
538,,,,,,,,,,,,,,5.0,tyabb,3913
539,7.0,,,1.0,1.0,29.0,1.0,,,,1.0,2.0,2.0,3.0,merricks north,3926
540,,1.0,,,,,,,,,,,,,cape schanck,3939
541,,1.0,,,,24.0,,,,,,3.0,,,flinders,3929
542,,,,,,3.0,1.0,,,,,,,1.0,arthurs seat,3936
543,,,,,,8.0,,,1.0,,,7.0,3.0,30.0,point leo,3916
544,,,,,,9.0,,,,,,,,9.0,tuerong,3915
545,,,,,,2.0,,,,,,,,,pearcedale,3912
546,7.0,,,,,18.0,,,,,1.0,12.0,1.0,354.0,fingal,3939
547,,,,,,4.0,1.0,,3.0,,,,,2.0,st andrews beach,3941
548,,,1.0,1.0,,16.0,,,1.0,,,7.0,1.0,8.0,portsea,3944
549,,,,,,3.0,,,2.0,,,,1.0,12.0,shepparton north,3631
550,,,,,,1.0,,,,,,,,,bittern,3918
551,17.0,10.0,,12.0,,33.0,26.0,3.0,2.0,,,12.0,4.0,19.0,langwarrin south,3911
552,29.0,3.0,,1.0,,38.0,,,1.0,,1.0,4.0,2.0,7.0,blind bight,3980
553,2.0,3.0,,3.0,1.0,45.0,3.0,,,,1.0,11.0,3.0,12.0,cowes,3922
554,,,,,,10.0,,,1.0,,,10.0,10.0,6.0,east geelong,3219
555,10.0,2.0,,4.0,2.0,11.0,,2.0,3.0,,,3.0,5.0,21.0,north geelong,3215
556,,,,,,5.0,,,,,,2.0,1.0,7.0,clifton springs,3222
557,5.0,,,1.0,1.0,5.0,,,2.0,,,7.0,4.0,2.0,herne hill,3218
558,1.0,,,,,14.0,,1.0,,,,3.0,1.0,1.0,breakwater,3219
559,,,,,,3.0,,,,,,1.0,,,whittington,3219
560,28.0,12.0,,5.0,4.0,76.0,16.0,6.0,4.0,,,16.0,12.0,16.0,marshall,3216
561,,3.0,,,1.0,14.0,3.0,1.0,2.0,,,8.0,,21.0,thomson,3219
562,1.0,1.0,1.0,3.0,,6.0,,,1.0,,,5.0,1.0,2.0,torquay,3228
563,5.0,4.0,,6.0,2.0,40.0,5.0,1.0,4.0,,,26.0,19.0,30.0,bannockburn,3331
564,,3.0,,1.0,,3.0,,3.0,1.0,,,1.0,2.0,5.0,lovely banks,3213
565,6.0,,,,,9.0,,,,,,6.0,3.0,2.0,ocean grove,3226
566,,1.0,,,,2.0,1.0,3.0,1.0,,,,,5.0,manifold heights,3218
567,,1.0,,,,2.0,,,,,,,1.0,3.0,fyansford,3218
568,,,,,,,,,,,,5.0,2.0,7.0,birregurra,3242
569,28.0,,,2.0,,101.0,,,,,,6.0,4.0,27.0,moriac,3240
570,,,,,,2.0,,,,,,,,2.0,wandana heights,3216
571,,1.0,,,,3.0,,,1.0,,,4.0,,3.0,south geelong,3220
572,5.0,1.0,,,,12.0,,,1.0,,,4.0,7.0,11.0,mount moriac,3240
573,,4.0,,4.0,,17.0,1.0,2.0,1.0,,,6.0,6.0,7.0,winchelsea,3241
574,,,,,,,,,1.0,,,,,,point lonsdale,3225
575,,2.0,,2.0,1.0,42.0,3.0,,,,2.0,4.0,,,barwon heads,3227
576,2.0,,1.0,3.0,,31.0,,,1.0,,,10.0,5.0,18.0,coragulac,3249
577,1.0,,,,,,,,,,,1.0,,3.0,essendon fields,3041
578,,,,,,1.0,,,1.0,,2.0,,2.0,2.0,epsom,3551
579,3.0,,,4.0,,22.0,,,1.0,,,,4.0,20.0,drumcondra,3215
580,,,,,,2.0,,,1.0,,,,,,batesford,3213
581,,,,,,,,,,,,,,,moolap,3224
582,,1.0,,,,4.0,,1.0,1.0,,,1.0,1.0,8.0,moorabool,3213
583,3.0,,,,,9.0,,1.0,,,,3.0,1.0,,buckley,3240
584,,,,,,1.0,,,1.0,,,8.0,5.0,1.0,anakie,3213
585,4.0,,,,,13.0,,2.0,3.0,,,3.0,4.0,80.0,north shore,3214
586,,,,,,3.0,1.0,,1.0,,,,,8.0,mount pleasant,3350
587,,1.0,,1.0,,5.0,,,3.0,,2.0,1.0,2.0,10.0,newington,3350
588,,,,4.0,1.0,42.0,,6.0,3.0,,2.0,8.0,8.0,24.0,marong,3515
589,,1.0,,2.0,,13.0,,1.0,,1.0,,4.0,,3.0,white hills,3550
590,,,,,,1.0,,1.0,1.0,,,1.0,,3.0,eaglehawk,3556
591,,,,,,2.0,,,1.0,,,13.0,1.0,4.0,east bendigo,3550
592,,,,5.0,,27.0,,3.0,6.0,,,12.0,4.0,4.0,spring gully,3550
593,1.0,,,1.0,,4.0,,,2.0,,,3.0,2.0,5.0,strathdale,3550
594,,,,,,5.0,1.0,,2.0,,,2.0,,13.0,kangaroo flat,3555
595,,,,,,2.0,,,1.0,,,,,1.0,california gully,3556
596,,,,,,3.0,,,,,,,,4.0,maiden gully,3551
597,,,,1.0,,4.0,,1.0,1.0,,,1.0,,5.0,goornong,3557
598,,,,,,4.0,,1.0,1.0,,,5.0,2.0,7.0,mandurang,3551
599,1.0,,,,,,,,,,,,,3.0,ironbark,3550
600,,,,,,2.0,,,1.0,,,,,,long gully,3550
601,,,,,,,,2.0,,,,,,2.0,longlea,3551
602,,,,,,6.0,,,,,,,,,big hill,3555
603,,,,,,6.0,,,3.0,,,10.0,,14.0,toolleen,3551
604,,,,,,1.0,,,,,,,,,ravenswood,3453
605,,,,,,,,,,,,,,,strathfieldsaye,3551
606,,,,,,1.0,,,1.0,,,,,3.0,woodvale,3556
607,3.0,,,1.0,,3.0,,1.0,1.0,,,,1.0,5.0,wilsons hill,3515
608,,,,,,,,,,,,,,,dingee,3571
609,1.0,,,,,2.0,,1.0,1.0,,,,1.0,4.0,axedale,3551
610,,,,,,,,,1.0,,,,,,eppalock,3551
611,,,,,,,,,,,,,,,junortoun,3551
612,1.0,1.0,,1.0,,5.0,1.0,1.0,2.0,,,1.0,,6.0,sailors gully,3556
613,,1.0,,1.0,,1.0,,1.0,1.0,,,3.0,,4.0,golden gully,3555
614,,,,,,,,,,,,,,,elmore,3558
615,2.0,2.0,,2.0,,15.0,,,2.0,,,2.0,1.0,2.0,bridgewater on loddon,3516
616,1.0,3.0,,8.0,1.0,55.0,9.0,3.0,9.0,,,12.0,2.0,12.0,shelbourne,3515
617,,,,1.0,,8.0,,,1.0,,,8.0,1.0,,marlo,3888
618,1.0,,,,,2.0,,,,,,4.0,1.0,,bairnsdale,3875
619,,,,,,5.0,1.0,,1.0,,,3.0,,2.0,eastwood,3875
620,,,,,,2.0,,,1.0,,,,,1.0,kalimna,3909
621,,5.0,,6.0,,29.0,7.0,2.0,3.0,,,6.0,4.0,10.0,metung,3904
622,,1.0,1.0,,,11.0,2.0,,1.0,,,2.0,6.0,6.0,swan reach,3903
623,,,,,,1.0,,1.0,,,,,,,lakes entrance,3909
624,2.0,,,4.0,,37.0,4.0,2.0,8.0,,11.0,10.0,2.0,40.0,paynesville,3880
625,,,,,,3.0,,,1.0,,,2.0,,1.0,fernbank,3864
626,,,,,,,,,1.0,,,,,2.0,benalla,3672
627,,,,,,,,,1.0,,,,,,violet town,3669
628,,,,,,,,,,,,,,,devenish,3726
629,,,,,,1.0,,1.0,,,,1.0,,4.0,baddaginnie,3670
630,,,,,,,,,,,,,,,upper lurg,3673
631,,,,1.0,,,1.0,,1.0,,,,,3.0,goorambat,3725
632,1.0,,,3.0,,7.0,,,1.0,,,,,,lima,3673
633,,,,,,,,,,,,,,,swanpool,3673
634,,,,,,,,,,,,,,5.0,winton,3673
635,3.0,,,,,2.0,,,,,,,,6.0,chesney vale,3725
636,,4.0,,1.0,1.0,5.0,,2.0,1.0,,,2.0,1.0,3.0,molyullah,3673
637,,1.0,,,,1.0,,,1.0,,1.0,,,9.0,tatong,3673
638,,,,,,,,1.0,,,,,,1.0,glenrowan,3675
639,,1.0,,5.0,1.0,40.0,3.0,1.0,7.0,,,11.0,7.0,14.0,dookie,3646
640,,,,,,6.0,,,2.0,,,,,12.0,thoona,3726
641,,,,,,,,,,,,,,2.0,echuca,3564
642,,,,,1.0,2.0,,1.0,1.0,,,16.0,,7.0,tongala,3621
643,,1.0,,3.0,,17.0,1.0,2.0,3.0,,,8.0,1.0,20.0,koyuga,3622
644,,,,,,1.0,,,1.0,,,6.0,,1.0,gunbower,3566
645,,,,,,,,,,,,,,,rochester,3561
646,,,,,,2.0,,,,,,,2.0,5.0,lockington,3563
647,,3.0,,5.0,1.0,30.0,4.0,3.0,12.0,1.0,1.0,18.0,23.0,45.0,torrumbarry,3562
648,,,,,,,,,1.0,,,,1.0,,glenthompson,3293
649,,1.0,,,,6.0,,,1.0,,,4.0,4.0,6.0,hamilton,3300
650,,,,,,,,,,,,,,1.0,branxholme,3302
651,,,,,,,,,,,,,,,coleraine,3315
652,,2.0,,,,7.0,2.0,1.0,1.0,,,2.0,1.0,9.0,caramut,3274
653,,1.0,,,,3.0,,,2.0,,,2.0,2.0,2.0,gerrigerrup,3289
654,,,,,,2.0,,,1.0,,,1.0,1.0,3.0,dunkeld,3294
655,,,,,,,1.0,,1.0,,,,1.0,1.0,penshurst,3289
656,,,,,,,,,,,,,,,cavendish,3314
657,,,,,,2.0,,,1.0,,,,,1.0,tarrington,3301
658,,,,1.0,,18.0,,,,,,,1.0,5.0,tahara bridge,3315
659,,3.0,,3.0,,11.0,6.0,3.0,,,,2.0,,3.0,macarthur,3286
660,,3.0,,1.0,,26.0,2.0,3.0,1.0,,,2.0,,4.0,peterborough,3270
661,,,,,,,,,,,,,,,port campbell,3269
662,1.0,1.0,,,,8.0,1.0,1.0,3.0,,,9.0,1.0,5.0,timboon,3268
663,,,,,,,,,,,,,,1.0,timboon west,3268
664,37.0,5.0,,5.0,3.0,72.0,3.0,9.0,8.0,1.0,1.0,27.0,8.0,49.0,cobden,3266
665,,,,,,3.0,,,1.0,,,1.0,,1.0,jancourt east,3266
666,,3.0,,,,4.0,,1.0,2.0,,,,,12.0,horsham,3400
667,5.0,4.0,,1.0,1.0,31.0,1.0,5.0,5.0,,1.0,8.0,3.0,34.0,nichols point,3501
668,7.0,,,2.0,1.0,7.0,,3.0,2.0,,13.0,3.0,,5.0,ouyen,3490
669,,,,,,5.0,,,2.0,,1.0,,,2.0,red cliffs,3496
670,,,,,,2.0,,,,,,,,1.0,merbein,3505
671,,,,,2.0,17.0,,3.0,4.0,1.0,,7.0,2.0,11.0,cabarita,3505
672,1.0,3.0,,2.0,,8.0,2.0,,3.0,,,13.0,4.0,5.0,carwarp,3494
673,,,,,,1.0,,,1.0,,,2.0,,5.0,newborough,3825
674,,,,,1.0,5.0,1.0,,1.0,,,,1.0,12.0,trafalgar,3824
675,,,,,,,,,,,,,,,yallourn north,3825
676,,,,,,16.0,,,,,,,,,willow grove,3825
677,1.0,4.0,1.0,7.0,1.0,40.0,3.0,4.0,7.0,,2.0,21.0,5.0,22.0,hernes oak,3825
678,,,,,,5.0,1.0,1.0,1.0,,6.0,4.0,3.0,2.0,yallourn,3825
679,,,,,,1.0,,,,,,,5.0,,morwell,3840
680,3.0,4.0,,9.0,,36.0,4.0,3.0,9.0,,5.0,9.0,5.0,25.0,rosedale,3847
681,,,,,,1.0,,,1.0,,,1.0,1.0,,indented head,3223
682,,,,,,7.0,,,,,1.0,3.0,1.0,6.0,portland,3305
683,,,,,,2.0,,,1.0,,,1.0,,4.0,mortlake,3272
684,,,,,,4.0,,,1.0,,,6.0,1.0,2.0,koroit,3282
685,8.0,3.0,,3.0,,38.0,5.0,1.0,2.0,,,14.0,1.0,7.0,allansford,3277
686,,,,,,1.0,,,1.0,,,,1.0,2.0,dennington,3280
687,,,,,,,,,,,,1.0,,1.0,port fairy,3284
688,,,,,,3.0,1.0,,1.0,,,2.0,2.0,1.0,panmure,3265
689,,,,,,2.0,,,1.0,,,,,2.0,winslow,3281
690,,,,,,,,,,,,,,,seaspray,3851
691,,,,,,,,,1.0,,,,1.0,2.0,longford,3851
692,,,,,,1.0,,,,,,,,1.0,denison,3858
693,14.0,3.0,,1.0,,12.0,2.0,1.0,3.0,,1.0,7.0,6.0,7.0,wurruk,3850
694,,,,,,3.0,,1.0,1.0,,,1.0,1.0,3.0,perry bridge,3862
695,,,,,,,,,,,,,,,maffra,3860
696,1.0,3.0,,1.0,1.0,10.0,,3.0,2.0,,,6.0,8.0,5.0,boisdale,3860
697,8.0,1.0,,3.0,1.0,8.0,1.0,1.0,1.0,,,4.0,2.0,19.0,dutson,3851
698,1.0,1.0,,1.0,,4.0,,1.0,1.0,,,2.0,1.0,2.0,stratford,3862
699,,,,,,,,,,,,,,,heyfield,3858
700,,,,,,,,,,,,,,,avenel,3664
701,,2.0,,,,7.0,,2.0,1.0,,,1.0,,3.0,locksley,3665
702,,,,,,8.0,,1.0,1.0,,,,,5.0,kirwans bridge,3608
703,,,,,,,,,,,,,,,tallarook,3659
704,,,,,,,,,1.0,,,,,1.0,wandong,3758
705,,,,,,1.0,,,1.0,,,,,7.0,arcadia south,3631
706,,,,,,,,,2.0,,,1.0,,2.0,kialla west,3631
707,,1.0,,4.0,,50.0,7.0,7.0,8.0,,,23.0,3.0,24.0,shepparton east,3631
708,,,,,,1.0,,,1.0,,,,,4.0,lemnos,3631
709,,,,,,,,,,,,,,,swan hill,3585
710,,,,,,,,,,,,1.0,,9.0,nyah west,3595
711,,,,,,,1.0,,,,,,1.0,2.0,speewa,3585
712,,1.0,,,1.0,8.0,,,1.0,,,5.0,1.0,11.0,woorinen,3589
713,,,,,,,,,,,3.0,1.0,,4.0,nyah,3594
714,,,,,,,,,1.0,,,,,2.0,lake boga,3584
715,,,,,,,,,,,,,,,berriwillock,3531
716,1.0,,,,,1.0,,,,,,,1.0,1.0,woorinen south,3588
717,,1.0,,,,13.0,,,2.0,,,,,6.0,tresco west,3584
718,,,,,,,,,,,,,,,breamlea,3227
719,1.0,,,,,1.0,,,,,,,,,neerim south,3831
720,,,,,,,,,,,,,,,neerim,3831
721,,,,,,,,,,,,,,,crossover,3821
722,1.0,4.0,,,,15.0,,,1.0,,,3.0,2.0,3.0,strzelecki,3950
723,,,,,,1.0,,,,,,,,,shady creek,3821
724,,,,,,1.0,1.0,,1.0,,,,,2.0,yarragon,3823
725,,,,,,,,,,,,,,,seaview,3821
726,,,,,,,,,,,,1.0,,,jindivick,3818
727,,,,,,,,,1.0,,,,,,piedmont,3833
728,,,,,,5.0,,2.0,3.0,,1.0,5.0,,5.0,buln buln east,3821
729,,,,,,,,,,,,1.0,,1.0,nayook,3832
730,,,,,,,,,,,,,,,terang,3264
731,,,,,,,,,1.0,,,1.0,,5.0,ellerslie,3265
732,,,,,,3.0,,,,,,,,,curdievale,3268
733,,,,,,,,,,,,1.0,,2.0,woolsthorpe,3276
734,,,,,,1.0,,,,,,,,,mepunga,3277
735,,,,,,,,,,,,1.0,,,purnim,3278
736,111.0,13.0,4.0,15.0,2.0,136.0,11.0,15.0,8.0,1.0,,62.0,31.0,119.0,ecklin south,3265
737,,1.0,,,1.0,6.0,,4.0,1.0,,,2.0,1.0,10.0,crossley,3283
738,,,1.0,,1.0,7.0,,3.0,2.0,,,2.0,2.0,11.0,wodonga,3690
739,2.0,,1.0,,1.0,13.0,,,2.0,,,4.0,8.0,13.0,yackandandah,3749
740,18.0,2.0,4.0,5.0,3.0,43.0,1.0,2.0,6.0,2.0,,56.0,18.0,33.0,chiltern,3683
741,2.0,,,,,1.0,,,,,,6.0,2.0,1.0,baranduda,3691
742,,,,,,,,,1.0,,,2.0,,3.0,west wodonga,3690
743,,,1.0,,,4.0,,2.0,1.0,,,2.0,2.0,10.0,killara,3691
744,,1.0,,,,1.0,,2.0,1.0,,,1.0,,3.0,leneva,3691
745,,,,,,,1.0,,,,,,,,tangambalanga,3691
746,,,,,,,,,,,,,,4.0,barnawartha,3688
747,,1.0,,,,14.0,1.0,3.0,2.0,,,7.0,1.0,13.0,tawonga south,3698
748,,,,,,,,,,,,,,,kiewa,3691
749,,1.0,,,,2.0,,,1.0,,,1.0,,1.0,mount beauty,3699
750,,,,,,7.0,,1.0,1.0,,,2.0,,3.0,coral bank,3691
751,,,,,,,,,,,,,,,wandiligong,3744
752,,,,,,4.0,,,,,,,,,tawonga,3697
753,,2.0,,,,5.0,,1.0,2.0,,,2.0,,1.0,woodend north,3442
754,1.0,1.0,,2.0,1.0,6.0,1.0,1.0,2.0,,,5.0,3.0,17.0,smythes creek,3351
755,,3.0,,,,19.0,1.0,1.0,4.0,,,2.0,2.0,10.0,malmsbury,3446
756,,,,,1.0,,,,1.0,,,,4.0,11.0,derrimut,3030
757,11.0,,,,,3.0,,,,,,7.0,2.0,,charlton,3525
758,,2.0,,1.0,1.0,3.0,,1.0,1.0,,,6.0,7.0,12.0,korumburra,3950
759,2.0,1.0,,3.0,,23.0,1.0,3.0,3.0,,1.0,36.0,3.0,19.0,leitchville,3567
760,12.0,1.0,,5.0,1.0,5.0,,2.0,4.0,,,12.0,6.0,20.0,eureka,3350
761,5.0,2.0,,2.0,,21.0,2.0,2.0,3.0,1.0,,10.0,2.0,18.0,ballarat north,3350
762,,,,,,,,,1.0,,,1.0,,2.0,ballarat east,3350
763,2.0,2.0,,,,26.0,,,1.0,1.0,2.0,8.0,3.0,8.0,mount clear,3350
764,,,,,,7.0,1.0,2.0,1.0,,,3.0,1.0,9.0,creswick,3363
765,2.0,,,,,,,,1.0,,1.0,10.0,2.0,9.0,cape clear,3351
766,,,,,,,,,1.0,,,,,,mount helen,3350
767,,,,,,11.0,,,1.0,,,2.0,2.0,7.0,inverleigh,3321
768,,,1.0,,,6.0,1.0,,2.0,,,6.0,,5.0,keilor lodge,3038
769,,,,,,1.0,,,,,,4.0,4.0,,balliang east,3340
770,,,,,,1.0,,,,,,,,,myrniong,3341
771,5.0,4.0,,2.0,1.0,20.0,7.0,4.0,3.0,,1.0,17.0,3.0,46.0,tarneit gardens,3029
772,,1.0,,6.0,,25.0,3.0,3.0,3.0,,1.0,10.0,,52.0,mitchell park,3355
773,,2.0,,1.0,,12.0,1.0,9.0,2.0,,2.0,5.0,1.0,1.0,woodstock,3751
774,2.0,1.0,,,,3.0,,,,,,,,,myrtleford,3737
775,1.0,1.0,,1.0,,10.0,,,1.0,,,,1.0,,maryborough,3465
776,,,,,,,,,,,,,1.0,,soldiers hill,3350
777,1.0,1.0,,,,7.0,,,1.0,,,3.0,1.0,,smiths gully,3760
778,,1.0,,,,1.0,,,1.0,,,1.0,,,kinglake,3763
779,,,,,,,,,,,,1.0,,,arthurs creek,3099
780,,,,,,,,,,,,,,,wattle glen,3096
781,,,,,,,,,,,,,,,panton hill,3759
782,1.0,,,,,5.0,,,1.0,,,,1.0,5.0,cottles bridge,3099
783,,,,,,,,,,,,,,,upper plenty,3756
784,,,,,,4.0,,,,,,2.0,2.0,,eden park,3757
785,,,,,,2.0,,,,,,,,,flowerdale,3658
786,3.0,1.0,,,,13.0,1.0,,1.0,,,3.0,,,gruyere,3770
787,,,,,1.0,8.0,,,3.0,,,,,8.0,dewhurst,3808
788,1.0,,,,,1.0,,,1.0,,,,1.0,15.0,coronet bay,3984
789,5.0,,,,,2.0,,,1.0,,,4.0,1.0,3.0,sunderland bay,3922
790,,1.0,,,2.0,3.0,3.0,1.0,1.0,,,4.0,,5.0,ventnor,3922
791,,,,,,12.0,,,,,,,,,nar nar goon,3812
792,10.0,3.0,,,,15.0,1.0,,1.0,,,2.0,2.0,3.0,glengarry,3854
793,9.0,5.0,,4.0,1.0,43.0,10.0,1.0,1.0,,,5.0,2.0,11.0,harkaway,3806
794,,,,,,1.0,,,,,,,,,beaconsfield upper,3808
795,,,,,,,,,,,,,,,connewarre,3227
796,,,,,,,,,,,,,,,aireys inlet,3231
797,,,,,,,,,,,,,,,lorne,3232
798,6.0,7.0,,2.0,,24.0,,,2.0,,1.0,8.0,3.0,20.0,fairhaven,3231
799,1.0,1.0,,3.0,,23.0,,3.0,1.0,,,7.0,6.0,15.0,benwerrin,3235
800,,,,,,6.0,,,1.0,,,21.0,4.0,3.0,gherang,3240
801,,1.0,,2.0,,6.0,,2.0,1.0,,,3.0,1.0,12.0,gnarwarre,3221
802,,,,,,3.0,1.0,,,,,,,12.0,beaufort,3373
803,,1.0,,1.0,,1.0,2.0,3.0,1.0,,,2.0,,10.0,redan,3350
804,,1.0,,,,4.0,,,1.0,,,2.0,,1.0,brown hill,3350
805,,,,,,,,,,,,,1.0,3.0,wedderburn,3518
806,1.0,3.0,,2.0,,15.0,4.0,2.0,4.0,,,2.0,2.0,14.0,west bendigo,3550
807,3.0,,,,,1.0,,,1.0,,,1.0,,,dunolly,3472
808,,1.0,,,,16.0,1.0,3.0,1.0,,1.0,4.0,2.0,6.0,boort,3537
809,,,,,,,,,,,,,,,lockwood south,3551
810,2.0,,,1.0,,1.0,,,,,,1.0,,,orbost,3888
811,,,,,,5.0,,,1.0,,,3.0,1.0,5.0,newmerella,3886
812,3.0,,,,1.0,2.0,,,,,,2.0,,2.0,lucknow,3875
813,,2.0,,,,9.0,2.0,1.0,1.0,,,2.0,1.0,2.0,bengworden,3875
814,,1.0,,,,1.0,,,,,,,,,johnsonville,3902
815,3.0,,,,,,,,,,,,,,wy yung,3875
816,,,,,,,,,,,,,,,east bairnsdale,3875
817,,,,,,,,,,,,,,,cann river,3890
818,,,,,,,,,,,,,,,iguana creek,3875
819,,,,,,5.0,,,1.0,,,1.0,,1.0,corringle,3888
820,,,,,,,,,1.0,,,,,,bete bolong,3888
821,,,,,,,,,1.0,,,,,,ellaswood,3875
822,1.0,,,,,3.0,1.0,,1.0,,,1.0,1.0,,woodglen,3875
823,,,,,,,,,,,,,,,eagle point,3878
824,,,,,,,,,,,,1.0,,,nungurner,3909
825,1.0,2.0,,1.0,,6.0,,,1.0,,,,,2.0,tambo upper,3885
826,3.0,3.0,,,,9.0,,2.0,1.0,,,4.0,3.0,7.0,nicholson,3882
827,,2.0,,,,3.0,1.0,,1.0,,,2.0,1.0,4.0,simpsons creek,3888
828,,3.0,,1.0,,5.0,,1.0,1.0,,,4.0,,3.0,calulu,3875
829,,,,,,,,,,,,2.0,,,buchan,3885
830,,,,,,2.0,,,,,,,,,omeo,3898
831,,,,,,,,,,,,,,,lindenow,3865
832,,,,,,,,,,,,,,,bruthen,3885
833,4.0,,,,,8.0,,,,,,,1.0,,sarsfield,3875
834,,,,,,2.0,,,,,,1.0,1.0,,forge creek,3875
835,,,,,,,,,,,,,,,flaggy creek,3875
836,,,,,,,,,,,,,,,hillside,3875
837,2.0,,,3.0,,22.0,2.0,3.0,6.0,,,18.0,2.0,22.0,ensay,3895
838,,,,,,,,1.0,1.0,,2.0,2.0,,6.0,raymond island,3880
839,,1.0,,,,3.0,,1.0,,,,,,,newlands arm,3875
840,,,,,,,,,,,,,,,warrenbayne,3670
841,,,,,1.0,4.0,,1.0,1.0,,,,,2.0,cosgrove south,3631
842,4.0,5.0,,,,23.0,2.0,3.0,4.0,,1.0,7.0,2.0,4.0,yarrawonga,3730
843,,1.0,,,,,,,,,,,,1.0,tungamah,3728
844,,,,,,,,,,,,,,,bundalong,3730
845,,,,,,,,,1.0,,,1.0,,,yarrawonga south,3730
846,,,,,,,,,,,,,,,hepburn,3461
847,,1.0,,,,4.0,2.0,,,,,,1.0,1.0,daylesford,3460
848,,,,,,1.0,,,,,,,,,glenlyon,3461
849,,,,,,4.0,,,,,,1.0,1.0,,wheatsheaf,3461
850,,3.0,,1.0,,4.0,2.0,3.0,1.0,,,7.0,1.0,,yandoit,3461
851,,,,,,,,,,,,,,,porcupine ridge,3461
852,,,,,,1.0,,1.0,,,,,,1.0,hepburn springs,3461
853,,,,,,,,,,,,1.0,,1.0,sailors falls,3461
854,,,,,,1.0,,,,,,,,,lyonville,3461
855,4.0,3.0,,1.0,1.0,4.0,,2.0,1.0,,,6.0,2.0,10.0,trentham,3458
856,,,,,,2.0,,,,,,,,,denver,3461
857,,,,,,,,,,,,,,,blampied,3364
858,,,,,,1.0,,,,,,,,,smeaton,3364
859,,,,,,,,,,,,,,,trentham east,3458
860,,,,,,2.0,,,,,,,,,clunes,3370
861,,,,,,,,,,,,,,,musk,3461
862,,,,,,,,,,,,,,,mollongghip,3352
863,,,,,,5.0,,,3.0,,,3.0,,10.0,leonards hill,3461
864,,,,,,,,,,,,,,,victoria valley,3294
865,,,,,,,,,,,,,,,bochara,3301
866,,,,,,3.0,,,1.0,,,,1.0,3.0,yulecart,3301
867,,,,,,,,,,,,,,1.0,mooralla,3314
868,,,,,,,,,,,,,,,casterton,3311
869,,,,,,,,,,,,,,,konongwootong,3315
870,2.0,,,,,1.0,,,,,,,,,milltown,3304
871,,,,,,2.0,,,,,,,,1.0,narrawong,3285
872,,,,,,1.0,,1.0,1.0,,,1.0,,6.0,bessiebelle,3304
873,,,,,,,,,1.0,,,,,,carapook,3312
874,,,,,,4.0,,5.0,4.0,,,2.0,,2.0,wallacedale,3303
875,,,,1.0,,,,,1.0,,,1.0,,1.0,bornes hill,3379
876,,,,,,,,,,,,,,,wannon,3301
877,,,,,,1.0,,,1.0,,,1.0,,12.0,hawkesdale,3287
878,,,,,,6.0,,,,,19.0,1.0,,1.0,haven,3401
879,,1.0,,,,1.0,,3.0,1.0,,,3.0,1.0,11.0,murtoa,3390
880,,,,,,,,,1.0,,,,,,cardross,3496
881,,,,,,,,,,,,1.0,,2.0,colignan,3494
882,,,,,,6.0,,,,,,2.0,1.0,,underbool,3509
883,,,,,,14.0,,,2.0,,,1.0,1.0,6.0,merbein south,3505
884,,1.0,,,,12.0,,,,,,,,,boolarra,3870
885,,,,,,,,,,,,1.0,,1.0,portland north,3305
886,,,,,,,,,,,,,,,drumborg,3304
887,,,,,,1.0,,,,,,,,,nelson,3292
888,,,,,,,,,,,,,,,heywood,3304
889,,,,,,,,,,,,2.0,,,cape bridgewater,3305
890,,1.0,,,,7.0,,,,,,,,,gorae west,3305
891,,,,,,,,,,,,1.0,,3.0,gorae,3305
892,,2.0,,,,6.0,,1.0,2.0,,,8.0,,5.0,mumbannar,3304
893,,,,,,1.0,,,,,,,,,allestree,3305
894,,,,,,3.0,,,1.0,,,,1.0,2.0,mount richmond,3305
895,,,,,,,,,,,,,,,portland west,3305
896,,,,1.0,,3.0,,,1.0,,,2.0,,10.0,heathmere,3305
897,,,,,,1.0,,,,,,1.0,,,rushworth,3612
898,,,,,,,,,1.0,,,,,,whiteheads creek,3660
899,,,,,,1.0,,1.0,1.0,,,,,1.0,longwood,3665
900,,,,,,1.0,,,1.0,,,,,1.0,miepoll,3666
901,,,,,,,,,1.0,,,,,4.0,murchison,3610
902,,,,,,3.0,,,,,,,,,clonbinane,3658
903,,,,,1.0,3.0,,7.0,3.0,,,4.0,1.0,7.0,tarcombe,3666
904,,,,,,,,,,,,,,,pyalong,3521
905,,,,,,21.0,1.0,,1.0,,,3.0,1.0,10.0,darraweit guim,3756
906,,3.0,,8.0,,,,,,,,,,,congupna,3633
907,,,,,,,,,,,,,,,pine lodge,3631
908,,,,,,1.0,,,,,,1.0,,1.0,numurkah,3636
909,,,,,,,,,,,,1.0,,,murchison north,3610
910,,,,,,1.0,,,,,,,,1.0,bellbrae,3228
911,11.0,1.0,,2.0,,11.0,1.0,3.0,4.0,,1.0,10.0,1.0,15.0,southern cross,3283
912,,,,,,,,,,,,,,,hexham,3273
913,,,,,,,,,,,,,,,yambuk,3285
914,,1.0,,,,2.0,,,2.0,,,,1.0,10.0,illowa,3282
915,,,,,1.0,6.0,,1.0,1.0,,,1.0,1.0,3.0,garvoc,3265
916,,,,,,2.0,,,,,1.0,1.0,,1.0,camperdown,3260
917,,,,,,,,,,,,,,,naringal,3277
918,,,,,,,,,,,,,,,yangery,3283
919,,3.0,,1.0,,4.0,,1.0,3.0,,,5.0,1.0,8.0,hopetoun,3396
920,,1.0,,,,1.0,,2.0,1.0,,,,,3.0,rupanyup,3388
921,,,,,,,,,,,,,,1.0,grassmere,3281
922,1.0,6.0,,,1.0,31.0,4.0,3.0,4.0,,2.0,10.0,2.0,18.0,willatook,3283
923,,,,,,,,,,,,,,,toolong,3285
